--
-- PostgreSQL database dump
--

-- Dumped from database version 17.4
-- Dumped by pg_dump version 17.4

-- Started on 2025-08-27 03:52:19

SET statement_timeout = 0;
SET lock_timeout = 0;
SET idle_in_transaction_session_timeout = 0;
SET transaction_timeout = 0;
SET client_encoding = 'UTF8';
SET standard_conforming_strings = on;
SELECT pg_catalog.set_config('search_path', '', false);
SET check_function_bodies = false;
SET xmloption = content;
SET client_min_messages = warning;
SET row_security = off;

SET default_tablespace = '';

SET default_table_access_method = heap;

--
-- TOC entry 217 (class 1259 OID 175478)
-- Name: auth_group; Type: TABLE; Schema: public; Owner: postgres
--

CREATE TABLE public.auth_group (
    id integer NOT NULL,
    name character varying(150) NOT NULL
);


ALTER TABLE public.auth_group OWNER TO postgres;

--
-- TOC entry 218 (class 1259 OID 175481)
-- Name: auth_group_id_seq; Type: SEQUENCE; Schema: public; Owner: postgres
--

ALTER TABLE public.auth_group ALTER COLUMN id ADD GENERATED BY DEFAULT AS IDENTITY (
    SEQUENCE NAME public.auth_group_id_seq
    START WITH 1
    INCREMENT BY 1
    NO MINVALUE
    NO MAXVALUE
    CACHE 1
);


--
-- TOC entry 219 (class 1259 OID 175482)
-- Name: auth_group_permissions; Type: TABLE; Schema: public; Owner: postgres
--

CREATE TABLE public.auth_group_permissions (
    id bigint NOT NULL,
    group_id integer NOT NULL,
    permission_id integer NOT NULL
);


ALTER TABLE public.auth_group_permissions OWNER TO postgres;

--
-- TOC entry 220 (class 1259 OID 175485)
-- Name: auth_group_permissions_id_seq; Type: SEQUENCE; Schema: public; Owner: postgres
--

ALTER TABLE public.auth_group_permissions ALTER COLUMN id ADD GENERATED BY DEFAULT AS IDENTITY (
    SEQUENCE NAME public.auth_group_permissions_id_seq
    START WITH 1
    INCREMENT BY 1
    NO MINVALUE
    NO MAXVALUE
    CACHE 1
);


--
-- TOC entry 221 (class 1259 OID 175486)
-- Name: auth_permission; Type: TABLE; Schema: public; Owner: postgres
--

CREATE TABLE public.auth_permission (
    id integer NOT NULL,
    name character varying(255) NOT NULL,
    content_type_id integer NOT NULL,
    codename character varying(100) NOT NULL
);


ALTER TABLE public.auth_permission OWNER TO postgres;

--
-- TOC entry 222 (class 1259 OID 175489)
-- Name: auth_permission_id_seq; Type: SEQUENCE; Schema: public; Owner: postgres
--

ALTER TABLE public.auth_permission ALTER COLUMN id ADD GENERATED BY DEFAULT AS IDENTITY (
    SEQUENCE NAME public.auth_permission_id_seq
    START WITH 1
    INCREMENT BY 1
    NO MINVALUE
    NO MAXVALUE
    CACHE 1
);


--
-- TOC entry 223 (class 1259 OID 175490)
-- Name: auth_user; Type: TABLE; Schema: public; Owner: postgres
--

CREATE TABLE public.auth_user (
    id integer NOT NULL,
    password character varying(128) NOT NULL,
    last_login timestamp with time zone,
    is_superuser boolean NOT NULL,
    username character varying(150) NOT NULL,
    first_name character varying(150) NOT NULL,
    last_name character varying(150) NOT NULL,
    email character varying(254) NOT NULL,
    is_staff boolean NOT NULL,
    is_active boolean NOT NULL,
    date_joined timestamp with time zone NOT NULL
);


ALTER TABLE public.auth_user OWNER TO postgres;

--
-- TOC entry 224 (class 1259 OID 175495)
-- Name: auth_user_groups; Type: TABLE; Schema: public; Owner: postgres
--

CREATE TABLE public.auth_user_groups (
    id bigint NOT NULL,
    user_id integer NOT NULL,
    group_id integer NOT NULL
);


ALTER TABLE public.auth_user_groups OWNER TO postgres;

--
-- TOC entry 225 (class 1259 OID 175498)
-- Name: auth_user_groups_id_seq; Type: SEQUENCE; Schema: public; Owner: postgres
--

ALTER TABLE public.auth_user_groups ALTER COLUMN id ADD GENERATED BY DEFAULT AS IDENTITY (
    SEQUENCE NAME public.auth_user_groups_id_seq
    START WITH 1
    INCREMENT BY 1
    NO MINVALUE
    NO MAXVALUE
    CACHE 1
);


--
-- TOC entry 226 (class 1259 OID 175499)
-- Name: auth_user_id_seq; Type: SEQUENCE; Schema: public; Owner: postgres
--

ALTER TABLE public.auth_user ALTER COLUMN id ADD GENERATED BY DEFAULT AS IDENTITY (
    SEQUENCE NAME public.auth_user_id_seq
    START WITH 1
    INCREMENT BY 1
    NO MINVALUE
    NO MAXVALUE
    CACHE 1
);


--
-- TOC entry 227 (class 1259 OID 175500)
-- Name: auth_user_user_permissions; Type: TABLE; Schema: public; Owner: postgres
--

CREATE TABLE public.auth_user_user_permissions (
    id bigint NOT NULL,
    user_id integer NOT NULL,
    permission_id integer NOT NULL
);


ALTER TABLE public.auth_user_user_permissions OWNER TO postgres;

--
-- TOC entry 228 (class 1259 OID 175503)
-- Name: auth_user_user_permissions_id_seq; Type: SEQUENCE; Schema: public; Owner: postgres
--

ALTER TABLE public.auth_user_user_permissions ALTER COLUMN id ADD GENERATED BY DEFAULT AS IDENTITY (
    SEQUENCE NAME public.auth_user_user_permissions_id_seq
    START WITH 1
    INCREMENT BY 1
    NO MINVALUE
    NO MAXVALUE
    CACHE 1
);


--
-- TOC entry 229 (class 1259 OID 175504)
-- Name: django_admin_log; Type: TABLE; Schema: public; Owner: postgres
--

CREATE TABLE public.django_admin_log (
    id integer NOT NULL,
    action_time timestamp with time zone NOT NULL,
    object_id text,
    object_repr character varying(200) NOT NULL,
    action_flag smallint NOT NULL,
    change_message text NOT NULL,
    content_type_id integer,
    user_id integer NOT NULL,
    CONSTRAINT django_admin_log_action_flag_check CHECK ((action_flag >= 0))
);


ALTER TABLE public.django_admin_log OWNER TO postgres;

--
-- TOC entry 230 (class 1259 OID 175510)
-- Name: django_admin_log_id_seq; Type: SEQUENCE; Schema: public; Owner: postgres
--

ALTER TABLE public.django_admin_log ALTER COLUMN id ADD GENERATED BY DEFAULT AS IDENTITY (
    SEQUENCE NAME public.django_admin_log_id_seq
    START WITH 1
    INCREMENT BY 1
    NO MINVALUE
    NO MAXVALUE
    CACHE 1
);


--
-- TOC entry 231 (class 1259 OID 175511)
-- Name: django_content_type; Type: TABLE; Schema: public; Owner: postgres
--

CREATE TABLE public.django_content_type (
    id integer NOT NULL,
    app_label character varying(100) NOT NULL,
    model character varying(100) NOT NULL
);


ALTER TABLE public.django_content_type OWNER TO postgres;

--
-- TOC entry 232 (class 1259 OID 175514)
-- Name: django_content_type_id_seq; Type: SEQUENCE; Schema: public; Owner: postgres
--

ALTER TABLE public.django_content_type ALTER COLUMN id ADD GENERATED BY DEFAULT AS IDENTITY (
    SEQUENCE NAME public.django_content_type_id_seq
    START WITH 1
    INCREMENT BY 1
    NO MINVALUE
    NO MAXVALUE
    CACHE 1
);


--
-- TOC entry 233 (class 1259 OID 175515)
-- Name: django_migrations; Type: TABLE; Schema: public; Owner: postgres
--

CREATE TABLE public.django_migrations (
    id bigint NOT NULL,
    app character varying(255) NOT NULL,
    name character varying(255) NOT NULL,
    applied timestamp with time zone NOT NULL
);


ALTER TABLE public.django_migrations OWNER TO postgres;

--
-- TOC entry 234 (class 1259 OID 175520)
-- Name: django_migrations_id_seq; Type: SEQUENCE; Schema: public; Owner: postgres
--

ALTER TABLE public.django_migrations ALTER COLUMN id ADD GENERATED BY DEFAULT AS IDENTITY (
    SEQUENCE NAME public.django_migrations_id_seq
    START WITH 1
    INCREMENT BY 1
    NO MINVALUE
    NO MAXVALUE
    CACHE 1
);


--
-- TOC entry 235 (class 1259 OID 175521)
-- Name: django_session; Type: TABLE; Schema: public; Owner: postgres
--

CREATE TABLE public.django_session (
    session_key character varying(40) NOT NULL,
    session_data text NOT NULL,
    expire_date timestamp with time zone NOT NULL
);


ALTER TABLE public.django_session OWNER TO postgres;

--
-- TOC entry 236 (class 1259 OID 175526)
-- Name: locations_location; Type: TABLE; Schema: public; Owner: postgres
--

CREATE TABLE public.locations_location (
    id bigint NOT NULL,
    code character varying(20) NOT NULL,
    name character varying(100) NOT NULL,
    description text,
    is_active boolean NOT NULL,
    created_at timestamp with time zone NOT NULL,
    updated_at timestamp with time zone NOT NULL
);


ALTER TABLE public.locations_location OWNER TO postgres;

--
-- TOC entry 237 (class 1259 OID 175531)
-- Name: locations_location_id_seq; Type: SEQUENCE; Schema: public; Owner: postgres
--

ALTER TABLE public.locations_location ALTER COLUMN id ADD GENERATED BY DEFAULT AS IDENTITY (
    SEQUENCE NAME public.locations_location_id_seq
    START WITH 1
    INCREMENT BY 1
    NO MINVALUE
    NO MAXVALUE
    CACHE 1
);


--
-- TOC entry 238 (class 1259 OID 175532)
-- Name: products_inventorylevel; Type: TABLE; Schema: public; Owner: postgres
--

CREATE TABLE public.products_inventorylevel (
    id bigint NOT NULL,
    quantity integer NOT NULL,
    last_updated timestamp with time zone NOT NULL,
    location_id bigint NOT NULL,
    product_id bigint NOT NULL
);


ALTER TABLE public.products_inventorylevel OWNER TO postgres;

--
-- TOC entry 239 (class 1259 OID 175535)
-- Name: products_inventorylevel_id_seq; Type: SEQUENCE; Schema: public; Owner: postgres
--

ALTER TABLE public.products_inventorylevel ALTER COLUMN id ADD GENERATED BY DEFAULT AS IDENTITY (
    SEQUENCE NAME public.products_inventorylevel_id_seq
    START WITH 1
    INCREMENT BY 1
    NO MINVALUE
    NO MAXVALUE
    CACHE 1
);


--
-- TOC entry 240 (class 1259 OID 175536)
-- Name: products_product; Type: TABLE; Schema: public; Owner: postgres
--

CREATE TABLE public.products_product (
    id bigint NOT NULL,
    favorite character varying(20) NOT NULL,
    name character varying(200) NOT NULL,
    internal_reference character varying(100) NOT NULL,
    responsible character varying(100),
    barcode character varying(100),
    sales_price numeric(10,2) NOT NULL,
    cost numeric(10,2) NOT NULL,
    product_type character varying(20) NOT NULL,
    quantity_on_hand integer NOT NULL,
    forecasted_quantity integer NOT NULL,
    activity_exception_decoration text,
    created_at timestamp with time zone NOT NULL,
    updated_at timestamp with time zone NOT NULL,
    default_location_id bigint,
    product_category_id bigint,
    supplier_id bigint
);


ALTER TABLE public.products_product OWNER TO postgres;

--
-- TOC entry 241 (class 1259 OID 175541)
-- Name: products_product_id_seq; Type: SEQUENCE; Schema: public; Owner: postgres
--

ALTER TABLE public.products_product ALTER COLUMN id ADD GENERATED BY DEFAULT AS IDENTITY (
    SEQUENCE NAME public.products_product_id_seq
    START WITH 1
    INCREMENT BY 1
    NO MINVALUE
    NO MAXVALUE
    CACHE 1
);


--
-- TOC entry 242 (class 1259 OID 175542)
-- Name: products_productcategory; Type: TABLE; Schema: public; Owner: postgres
--

CREATE TABLE public.products_productcategory (
    id bigint NOT NULL,
    name character varying(100) NOT NULL,
    parent_id bigint
);


ALTER TABLE public.products_productcategory OWNER TO postgres;

--
-- TOC entry 243 (class 1259 OID 175545)
-- Name: products_productcategory_id_seq; Type: SEQUENCE; Schema: public; Owner: postgres
--

ALTER TABLE public.products_productcategory ALTER COLUMN id ADD GENERATED BY DEFAULT AS IDENTITY (
    SEQUENCE NAME public.products_productcategory_id_seq
    START WITH 1
    INCREMENT BY 1
    NO MINVALUE
    NO MAXVALUE
    CACHE 1
);


--
-- TOC entry 244 (class 1259 OID 175546)
-- Name: snapshots_inventorysnapshot; Type: TABLE; Schema: public; Owner: postgres
--

CREATE TABLE public.snapshots_inventorysnapshot (
    id bigint NOT NULL,
    quantity integer NOT NULL,
    "timestamp" timestamp with time zone NOT NULL,
    note text,
    location_id bigint NOT NULL,
    product_id bigint NOT NULL
);


ALTER TABLE public.snapshots_inventorysnapshot OWNER TO postgres;

--
-- TOC entry 245 (class 1259 OID 175551)
-- Name: snapshots_inventorysnapshot_id_seq; Type: SEQUENCE; Schema: public; Owner: postgres
--

ALTER TABLE public.snapshots_inventorysnapshot ALTER COLUMN id ADD GENERATED BY DEFAULT AS IDENTITY (
    SEQUENCE NAME public.snapshots_inventorysnapshot_id_seq
    START WITH 1
    INCREMENT BY 1
    NO MINVALUE
    NO MAXVALUE
    CACHE 1
);


--
-- TOC entry 246 (class 1259 OID 175552)
-- Name: stockmoves_stockmove; Type: TABLE; Schema: public; Owner: postgres
--

CREATE TABLE public.stockmoves_stockmove (
    id bigint NOT NULL,
    move_type character varying(10) NOT NULL,
    "timestamp" timestamp with time zone NOT NULL,
    reference character varying(100),
    description text,
    completed boolean NOT NULL,
    from_location_id bigint,
    to_location_id bigint
);


ALTER TABLE public.stockmoves_stockmove OWNER TO postgres;

--
-- TOC entry 247 (class 1259 OID 175557)
-- Name: stockmoves_stockmove_id_seq; Type: SEQUENCE; Schema: public; Owner: postgres
--

ALTER TABLE public.stockmoves_stockmove ALTER COLUMN id ADD GENERATED BY DEFAULT AS IDENTITY (
    SEQUENCE NAME public.stockmoves_stockmove_id_seq
    START WITH 1
    INCREMENT BY 1
    NO MINVALUE
    NO MAXVALUE
    CACHE 1
);


--
-- TOC entry 248 (class 1259 OID 175558)
-- Name: stockmoves_stockmoveline; Type: TABLE; Schema: public; Owner: postgres
--

CREATE TABLE public.stockmoves_stockmoveline (
    id bigint NOT NULL,
    quantity integer NOT NULL,
    description text,
    product_id bigint NOT NULL,
    stock_move_id bigint NOT NULL,
    CONSTRAINT stockmoves_stockmoveline_quantity_check CHECK ((quantity >= 0))
);


ALTER TABLE public.stockmoves_stockmoveline OWNER TO postgres;

--
-- TOC entry 249 (class 1259 OID 175564)
-- Name: stockmoves_stockmoveline_id_seq; Type: SEQUENCE; Schema: public; Owner: postgres
--

ALTER TABLE public.stockmoves_stockmoveline ALTER COLUMN id ADD GENERATED BY DEFAULT AS IDENTITY (
    SEQUENCE NAME public.stockmoves_stockmoveline_id_seq
    START WITH 1
    INCREMENT BY 1
    NO MINVALUE
    NO MAXVALUE
    CACHE 1
);


--
-- TOC entry 250 (class 1259 OID 175565)
-- Name: suppliers_addresstype; Type: TABLE; Schema: public; Owner: postgres
--

CREATE TABLE public.suppliers_addresstype (
    id bigint NOT NULL,
    name character varying(50) NOT NULL
);


ALTER TABLE public.suppliers_addresstype OWNER TO postgres;

--
-- TOC entry 251 (class 1259 OID 175568)
-- Name: suppliers_addresstype_id_seq; Type: SEQUENCE; Schema: public; Owner: postgres
--

ALTER TABLE public.suppliers_addresstype ALTER COLUMN id ADD GENERATED BY DEFAULT AS IDENTITY (
    SEQUENCE NAME public.suppliers_addresstype_id_seq
    START WITH 1
    INCREMENT BY 1
    NO MINVALUE
    NO MAXVALUE
    CACHE 1
);


--
-- TOC entry 252 (class 1259 OID 175569)
-- Name: suppliers_supplier; Type: TABLE; Schema: public; Owner: postgres
--

CREATE TABLE public.suppliers_supplier (
    id bigint NOT NULL,
    name character varying(200) NOT NULL,
    is_company boolean NOT NULL,
    street character varying(200),
    zip_code character varying(20),
    city character varying(100),
    state character varying(100),
    country character varying(100),
    email character varying(254),
    phone character varying(20),
    created_at timestamp with time zone NOT NULL,
    updated_at timestamp with time zone NOT NULL,
    address_type_id bigint,
    related_company_id bigint
);


ALTER TABLE public.suppliers_supplier OWNER TO postgres;

--
-- TOC entry 253 (class 1259 OID 175574)
-- Name: suppliers_supplier_id_seq; Type: SEQUENCE; Schema: public; Owner: postgres
--

ALTER TABLE public.suppliers_supplier ALTER COLUMN id ADD GENERATED BY DEFAULT AS IDENTITY (
    SEQUENCE NAME public.suppliers_supplier_id_seq
    START WITH 1
    INCREMENT BY 1
    NO MINVALUE
    NO MAXVALUE
    CACHE 1
);


--
-- TOC entry 5096 (class 0 OID 175478)
-- Dependencies: 217
-- Data for Name: auth_group; Type: TABLE DATA; Schema: public; Owner: postgres
--

COPY public.auth_group (id, name) FROM stdin;
\.


--
-- TOC entry 5098 (class 0 OID 175482)
-- Dependencies: 219
-- Data for Name: auth_group_permissions; Type: TABLE DATA; Schema: public; Owner: postgres
--

COPY public.auth_group_permissions (id, group_id, permission_id) FROM stdin;
\.


--
-- TOC entry 5100 (class 0 OID 175486)
-- Dependencies: 221
-- Data for Name: auth_permission; Type: TABLE DATA; Schema: public; Owner: postgres
--

COPY public.auth_permission (id, name, content_type_id, codename) FROM stdin;
1	Can add log entry	1	add_logentry
2	Can change log entry	1	change_logentry
3	Can delete log entry	1	delete_logentry
4	Can view log entry	1	view_logentry
5	Can add permission	2	add_permission
6	Can change permission	2	change_permission
7	Can delete permission	2	delete_permission
8	Can view permission	2	view_permission
9	Can add group	3	add_group
10	Can change group	3	change_group
11	Can delete group	3	delete_group
12	Can view group	3	view_group
13	Can add user	4	add_user
14	Can change user	4	change_user
15	Can delete user	4	delete_user
16	Can view user	4	view_user
17	Can add content type	5	add_contenttype
18	Can change content type	5	change_contenttype
19	Can delete content type	5	delete_contenttype
20	Can view content type	5	view_contenttype
21	Can add session	6	add_session
22	Can change session	6	change_session
23	Can delete session	6	delete_session
24	Can view session	6	view_session
25	Can add product category	7	add_productcategory
26	Can change product category	7	change_productcategory
27	Can delete product category	7	delete_productcategory
28	Can view product category	7	view_productcategory
29	Can add product	8	add_product
30	Can change product	8	change_product
31	Can delete product	8	delete_product
32	Can view product	8	view_product
33	Can add address type	9	add_addresstype
34	Can change address type	9	change_addresstype
35	Can delete address type	9	delete_addresstype
36	Can view address type	9	view_addresstype
37	Can add supplier	10	add_supplier
38	Can change supplier	10	change_supplier
39	Can delete supplier	10	delete_supplier
40	Can view supplier	10	view_supplier
41	Can add location	11	add_location
42	Can change location	11	change_location
43	Can delete location	11	delete_location
44	Can view location	11	view_location
45	Can add stock move	12	add_stockmove
46	Can change stock move	12	change_stockmove
47	Can delete stock move	12	delete_stockmove
48	Can view stock move	12	view_stockmove
49	Can add inventory snapshot	13	add_inventorysnapshot
50	Can change inventory snapshot	13	change_inventorysnapshot
51	Can delete inventory snapshot	13	delete_inventorysnapshot
52	Can view inventory snapshot	13	view_inventorysnapshot
53	Can add stock move line	14	add_stockmoveline
54	Can change stock move line	14	change_stockmoveline
55	Can delete stock move line	14	delete_stockmoveline
56	Can view stock move line	14	view_stockmoveline
57	Can add Inventory Level	15	add_inventorylevel
58	Can change Inventory Level	15	change_inventorylevel
59	Can delete Inventory Level	15	delete_inventorylevel
60	Can view Inventory Level	15	view_inventorylevel
\.


--
-- TOC entry 5102 (class 0 OID 175490)
-- Dependencies: 223
-- Data for Name: auth_user; Type: TABLE DATA; Schema: public; Owner: postgres
--

COPY public.auth_user (id, password, last_login, is_superuser, username, first_name, last_name, email, is_staff, is_active, date_joined) FROM stdin;
1	pbkdf2_sha256$600000$y10FhrC3mPmg1aXTWkxSfy$1AOcVI9iwptpcLAG54Mfthlk6cx8lGIv7x7sHdUHnAE=	\N	t	admin			admin@dima.com	t	t	2025-08-26 01:02:17.481264+02
\.


--
-- TOC entry 5103 (class 0 OID 175495)
-- Dependencies: 224
-- Data for Name: auth_user_groups; Type: TABLE DATA; Schema: public; Owner: postgres
--

COPY public.auth_user_groups (id, user_id, group_id) FROM stdin;
\.


--
-- TOC entry 5106 (class 0 OID 175500)
-- Dependencies: 227
-- Data for Name: auth_user_user_permissions; Type: TABLE DATA; Schema: public; Owner: postgres
--

COPY public.auth_user_user_permissions (id, user_id, permission_id) FROM stdin;
\.


--
-- TOC entry 5108 (class 0 OID 175504)
-- Dependencies: 229
-- Data for Name: django_admin_log; Type: TABLE DATA; Schema: public; Owner: postgres
--

COPY public.django_admin_log (id, action_time, object_id, object_repr, action_flag, change_message, content_type_id, user_id) FROM stdin;
\.


--
-- TOC entry 5110 (class 0 OID 175511)
-- Dependencies: 231
-- Data for Name: django_content_type; Type: TABLE DATA; Schema: public; Owner: postgres
--

COPY public.django_content_type (id, app_label, model) FROM stdin;
1	admin	logentry
2	auth	permission
3	auth	group
4	auth	user
5	contenttypes	contenttype
6	sessions	session
7	products	productcategory
8	products	product
9	suppliers	addresstype
10	suppliers	supplier
11	locations	location
12	stockmoves	stockmove
13	snapshots	inventorysnapshot
14	stockmoves	stockmoveline
15	products	inventorylevel
\.


--
-- TOC entry 5112 (class 0 OID 175515)
-- Dependencies: 233
-- Data for Name: django_migrations; Type: TABLE DATA; Schema: public; Owner: postgres
--

COPY public.django_migrations (id, app, name, applied) FROM stdin;
1	contenttypes	0001_initial	2025-08-26 00:56:32.68797+02
2	auth	0001_initial	2025-08-26 00:56:32.746237+02
3	admin	0001_initial	2025-08-26 00:56:32.764215+02
4	admin	0002_logentry_remove_auto_add	2025-08-26 00:56:32.770298+02
5	admin	0003_logentry_add_action_flag_choices	2025-08-26 00:56:32.779809+02
6	contenttypes	0002_remove_content_type_name	2025-08-26 00:56:32.792887+02
7	auth	0002_alter_permission_name_max_length	2025-08-26 00:56:32.800175+02
8	auth	0003_alter_user_email_max_length	2025-08-26 00:56:32.808373+02
9	auth	0004_alter_user_username_opts	2025-08-26 00:56:32.816428+02
10	auth	0005_alter_user_last_login_null	2025-08-26 00:56:32.823726+02
11	auth	0006_require_contenttypes_0002	2025-08-26 00:56:32.825809+02
12	auth	0007_alter_validators_add_error_messages	2025-08-26 00:56:32.833936+02
13	auth	0008_alter_user_username_max_length	2025-08-26 00:56:32.843893+02
14	auth	0009_alter_user_last_name_max_length	2025-08-26 00:56:32.851031+02
15	auth	0010_alter_group_name_max_length	2025-08-26 00:56:32.859252+02
16	auth	0011_update_proxy_permissions	2025-08-26 00:56:32.865625+02
17	auth	0012_alter_user_first_name_max_length	2025-08-26 00:56:32.873751+02
18	locations	0001_initial	2025-08-26 00:56:32.883525+02
19	suppliers	0001_initial	2025-08-26 00:56:32.90338+02
20	products	0001_initial	2025-08-26 00:56:32.935762+02
21	sessions	0001_initial	2025-08-26 00:56:32.947386+02
22	snapshots	0001_initial	2025-08-26 00:56:32.967191+02
23	stockmoves	0001_initial	2025-08-26 00:56:32.984453+02
24	stockmoves	0002_remove_stockmove_product_remove_stockmove_quantity_and_more	2025-08-26 02:57:12.172939+02
25	products	0002_inventorylevel	2025-08-27 02:08:59.748221+02
\.


--
-- TOC entry 5114 (class 0 OID 175521)
-- Dependencies: 235
-- Data for Name: django_session; Type: TABLE DATA; Schema: public; Owner: postgres
--

COPY public.django_session (session_key, session_data, expire_date) FROM stdin;
\.


--
-- TOC entry 5115 (class 0 OID 175526)
-- Dependencies: 236
-- Data for Name: locations_location; Type: TABLE DATA; Schema: public; Owner: postgres
--

COPY public.locations_location (id, code, name, description, is_active, created_at, updated_at) FROM stdin;
9	QW123	Nyom II	After Messassi	t	2025-08-27 03:30:57.488266+02	2025-08-27 03:30:57.488266+02
10	MBA-11	Mballa 2	Radio Hous	t	2025-08-27 03:31:23.069118+02	2025-08-27 03:31:23.069118+02
11	Edimi11102-2	Edimi	Apres Eglise	t	2025-08-27 03:31:53.504176+02	2025-08-27 03:31:53.504176+02
12	Knod210-22	Nkonda	Like a zoo	t	2025-08-27 03:32:42.117591+02	2025-08-27 03:32:42.117591+02
\.


--
-- TOC entry 5117 (class 0 OID 175532)
-- Dependencies: 238
-- Data for Name: products_inventorylevel; Type: TABLE DATA; Schema: public; Owner: postgres
--

COPY public.products_inventorylevel (id, quantity, last_updated, location_id, product_id) FROM stdin;
11	8	2025-08-27 03:47:22.403116+02	11	9
15	0	2025-08-27 04:05:44.564495+02	10	9
16	3	2025-08-27 04:05:44.567999+02	10	11
17	34	2025-08-27 04:05:44.572483+02	10	13
23	88	2025-08-27 04:14:37.749125+02	12	12
24	112	2025-08-27 04:14:37.750599+02	9	12
25	16	2025-08-27 04:14:37.754953+02	12	10
26	24	2025-08-27 04:14:37.754953+02	9	10
\.


--
-- TOC entry 5119 (class 0 OID 175536)
-- Dependencies: 240
-- Data for Name: products_product; Type: TABLE DATA; Schema: public; Owner: postgres
--

COPY public.products_product (id, favorite, name, internal_reference, responsible, barcode, sales_price, cost, product_type, quantity_on_hand, forecasted_quantity, activity_exception_decoration, created_at, updated_at, default_location_id, product_category_id, supplier_id) FROM stdin;
10	Normal	Storage Box	E-COM08	\N	2133123QWW	1000.00	900.00	storable	20	0	Very solid	2025-08-27 03:43:22.534684+02	2025-08-27 04:02:18.998805+02	12	1	8
12	Normal	Software Developement	SEN0-222	\N	\N	1000000.00	56000.00	service	100	0	\N	2025-08-27 03:45:10.486134+02	2025-08-27 04:02:32.290941+02	9	1	7
9	Normal	Acoustic Bloc Screens	FURN_6666	Sweet	\N	3000.00	2500.00	storable	2	0	Direct from abroad	2025-08-27 03:41:38.189032+02	2025-08-27 04:05:44.560456+02	11	1	6
11	Favorite	Ice Cream	CRE122-3	\N	\N	250.00	200.00	consumable	6	0	\N	2025-08-27 03:44:15.00558+02	2025-08-27 04:05:44.565999+02	10	2	6
13	Normal	All area	WQ0EE0-W	\N	SSS2222	1200.00	1100.00	consumable	37	0	\N	2025-08-27 04:03:49.381663+02	2025-08-27 04:05:44.570519+02	10	3	7
\.


--
-- TOC entry 5121 (class 0 OID 175542)
-- Dependencies: 242
-- Data for Name: products_productcategory; Type: TABLE DATA; Schema: public; Owner: postgres
--

COPY public.products_productcategory (id, name, parent_id) FROM stdin;
1	Office Furniture	\N
2	Saleable	1
3	All	2
\.


--
-- TOC entry 5123 (class 0 OID 175546)
-- Dependencies: 244
-- Data for Name: snapshots_inventorysnapshot; Type: TABLE DATA; Schema: public; Owner: postgres
--

COPY public.snapshots_inventorysnapshot (id, quantity, "timestamp", note, location_id, product_id) FROM stdin;
45	2	2025-08-27 04:16:00.087667+02	\N	12	10
46	1	2025-08-27 04:16:17.761176+02	\N	10	9
47	20	2025-08-27 04:25:05.105249+02	Automated snapshot	11	10
48	20	2025-08-27 04:25:05.105249+02	Automated snapshot	12	10
49	20	2025-08-27 04:25:05.105249+02	Automated snapshot	10	10
50	20	2025-08-27 04:25:05.105249+02	Automated snapshot	9	10
51	100	2025-08-27 04:25:05.105249+02	Automated snapshot	11	12
52	100	2025-08-27 04:25:05.105249+02	Automated snapshot	12	12
53	100	2025-08-27 04:25:05.105249+02	Automated snapshot	10	12
54	100	2025-08-27 04:25:05.105249+02	Automated snapshot	9	12
\.


--
-- TOC entry 5125 (class 0 OID 175552)
-- Dependencies: 246
-- Data for Name: stockmoves_stockmove; Type: TABLE DATA; Schema: public; Owner: postgres
--

COPY public.stockmoves_stockmove (id, move_type, "timestamp", reference, description, completed, from_location_id, to_location_id) FROM stdin;
24	INBOUND	2025-08-27 03:47:22.390622+02	EDI0-2w	For urgent use	t	\N	11
28	OUTBOUND	2025-08-27 04:05:44.55432+02	QWQWDX	\N	t	10	\N
34	TRANSFER	2025-08-27 04:14:37.737851+02	\N	\N	t	12	9
\.


--
-- TOC entry 5127 (class 0 OID 175558)
-- Dependencies: 248
-- Data for Name: stockmoves_stockmoveline; Type: TABLE DATA; Schema: public; Owner: postgres
--

COPY public.stockmoves_stockmoveline (id, quantity, description, product_id, stock_move_id) FROM stdin;
27	4	For work	9	24
33	2	\N	9	28
34	3	\N	11	28
35	3	\N	13	28
42	12	\N	12	34
43	4	\N	10	34
\.


--
-- TOC entry 5129 (class 0 OID 175565)
-- Dependencies: 250
-- Data for Name: suppliers_addresstype; Type: TABLE DATA; Schema: public; Owner: postgres
--

COPY public.suppliers_addresstype (id, name) FROM stdin;
1	Electronic Address
2	Physical Address
3	Abroad
4	Home
\.


--
-- TOC entry 5131 (class 0 OID 175569)
-- Dependencies: 252
-- Data for Name: suppliers_supplier; Type: TABLE DATA; Schema: public; Owner: postgres
--

COPY public.suppliers_supplier (id, name, is_company, street, zip_code, city, state, country, email, phone, created_at, updated_at, address_type_id, related_company_id) FROM stdin;
6	Blaise Ayim	f	Nyom 2	23700	Yaounde	Center	Cameroon	b@gmail.com	+237670105992	2025-08-27 03:36:09.431778+02	2025-08-27 03:36:09.431778+02	2	\N
8	Ada	f	Bornice	09999	Ebolowa	South	Cameroon	a@gmail.com	90246645345	2025-08-27 03:40:07.487616+02	2025-08-27 03:40:07.487616+02	3	\N
7	Tameri Tech	t	qween	0000	Douala	Littoral	Cameroon	t@gmail.com	+237670105992	2025-08-27 03:38:48.166627+02	2025-08-27 03:40:16.485133+02	1	\N
\.


--
-- TOC entry 5138 (class 0 OID 0)
-- Dependencies: 218
-- Name: auth_group_id_seq; Type: SEQUENCE SET; Schema: public; Owner: postgres
--

SELECT pg_catalog.setval('public.auth_group_id_seq', 1, false);


--
-- TOC entry 5139 (class 0 OID 0)
-- Dependencies: 220
-- Name: auth_group_permissions_id_seq; Type: SEQUENCE SET; Schema: public; Owner: postgres
--

SELECT pg_catalog.setval('public.auth_group_permissions_id_seq', 1, false);


--
-- TOC entry 5140 (class 0 OID 0)
-- Dependencies: 222
-- Name: auth_permission_id_seq; Type: SEQUENCE SET; Schema: public; Owner: postgres
--

SELECT pg_catalog.setval('public.auth_permission_id_seq', 60, true);


--
-- TOC entry 5141 (class 0 OID 0)
-- Dependencies: 225
-- Name: auth_user_groups_id_seq; Type: SEQUENCE SET; Schema: public; Owner: postgres
--

SELECT pg_catalog.setval('public.auth_user_groups_id_seq', 1, false);


--
-- TOC entry 5142 (class 0 OID 0)
-- Dependencies: 226
-- Name: auth_user_id_seq; Type: SEQUENCE SET; Schema: public; Owner: postgres
--

SELECT pg_catalog.setval('public.auth_user_id_seq', 1, true);


--
-- TOC entry 5143 (class 0 OID 0)
-- Dependencies: 228
-- Name: auth_user_user_permissions_id_seq; Type: SEQUENCE SET; Schema: public; Owner: postgres
--

SELECT pg_catalog.setval('public.auth_user_user_permissions_id_seq', 1, false);


--
-- TOC entry 5144 (class 0 OID 0)
-- Dependencies: 230
-- Name: django_admin_log_id_seq; Type: SEQUENCE SET; Schema: public; Owner: postgres
--

SELECT pg_catalog.setval('public.django_admin_log_id_seq', 1, false);


--
-- TOC entry 5145 (class 0 OID 0)
-- Dependencies: 232
-- Name: django_content_type_id_seq; Type: SEQUENCE SET; Schema: public; Owner: postgres
--

SELECT pg_catalog.setval('public.django_content_type_id_seq', 15, true);


--
-- TOC entry 5146 (class 0 OID 0)
-- Dependencies: 234
-- Name: django_migrations_id_seq; Type: SEQUENCE SET; Schema: public; Owner: postgres
--

SELECT pg_catalog.setval('public.django_migrations_id_seq', 25, true);


--
-- TOC entry 5147 (class 0 OID 0)
-- Dependencies: 237
-- Name: locations_location_id_seq; Type: SEQUENCE SET; Schema: public; Owner: postgres
--

SELECT pg_catalog.setval('public.locations_location_id_seq', 12, true);


--
-- TOC entry 5148 (class 0 OID 0)
-- Dependencies: 239
-- Name: products_inventorylevel_id_seq; Type: SEQUENCE SET; Schema: public; Owner: postgres
--

SELECT pg_catalog.setval('public.products_inventorylevel_id_seq', 26, true);


--
-- TOC entry 5149 (class 0 OID 0)
-- Dependencies: 241
-- Name: products_product_id_seq; Type: SEQUENCE SET; Schema: public; Owner: postgres
--

SELECT pg_catalog.setval('public.products_product_id_seq', 13, true);


--
-- TOC entry 5150 (class 0 OID 0)
-- Dependencies: 243
-- Name: products_productcategory_id_seq; Type: SEQUENCE SET; Schema: public; Owner: postgres
--

SELECT pg_catalog.setval('public.products_productcategory_id_seq', 3, true);


--
-- TOC entry 5151 (class 0 OID 0)
-- Dependencies: 245
-- Name: snapshots_inventorysnapshot_id_seq; Type: SEQUENCE SET; Schema: public; Owner: postgres
--

SELECT pg_catalog.setval('public.snapshots_inventorysnapshot_id_seq', 66, true);


--
-- TOC entry 5152 (class 0 OID 0)
-- Dependencies: 247
-- Name: stockmoves_stockmove_id_seq; Type: SEQUENCE SET; Schema: public; Owner: postgres
--

SELECT pg_catalog.setval('public.stockmoves_stockmove_id_seq', 34, true);


--
-- TOC entry 5153 (class 0 OID 0)
-- Dependencies: 249
-- Name: stockmoves_stockmoveline_id_seq; Type: SEQUENCE SET; Schema: public; Owner: postgres
--

SELECT pg_catalog.setval('public.stockmoves_stockmoveline_id_seq', 43, true);


--
-- TOC entry 5154 (class 0 OID 0)
-- Dependencies: 251
-- Name: suppliers_addresstype_id_seq; Type: SEQUENCE SET; Schema: public; Owner: postgres
--

SELECT pg_catalog.setval('public.suppliers_addresstype_id_seq', 4, true);


--
-- TOC entry 5155 (class 0 OID 0)
-- Dependencies: 253
-- Name: suppliers_supplier_id_seq; Type: SEQUENCE SET; Schema: public; Owner: postgres
--

SELECT pg_catalog.setval('public.suppliers_supplier_id_seq', 8, true);


--
-- TOC entry 4835 (class 2606 OID 175576)
-- Name: auth_group auth_group_name_key; Type: CONSTRAINT; Schema: public; Owner: postgres
--

ALTER TABLE ONLY public.auth_group
    ADD CONSTRAINT auth_group_name_key UNIQUE (name);


--
-- TOC entry 4840 (class 2606 OID 175578)
-- Name: auth_group_permissions auth_group_permissions_group_id_permission_id_0cd325b0_uniq; Type: CONSTRAINT; Schema: public; Owner: postgres
--

ALTER TABLE ONLY public.auth_group_permissions
    ADD CONSTRAINT auth_group_permissions_group_id_permission_id_0cd325b0_uniq UNIQUE (group_id, permission_id);


--
-- TOC entry 4843 (class 2606 OID 175580)
-- Name: auth_group_permissions auth_group_permissions_pkey; Type: CONSTRAINT; Schema: public; Owner: postgres
--

ALTER TABLE ONLY public.auth_group_permissions
    ADD CONSTRAINT auth_group_permissions_pkey PRIMARY KEY (id);


--
-- TOC entry 4837 (class 2606 OID 175582)
-- Name: auth_group auth_group_pkey; Type: CONSTRAINT; Schema: public; Owner: postgres
--

ALTER TABLE ONLY public.auth_group
    ADD CONSTRAINT auth_group_pkey PRIMARY KEY (id);


--
-- TOC entry 4846 (class 2606 OID 175584)
-- Name: auth_permission auth_permission_content_type_id_codename_01ab375a_uniq; Type: CONSTRAINT; Schema: public; Owner: postgres
--

ALTER TABLE ONLY public.auth_permission
    ADD CONSTRAINT auth_permission_content_type_id_codename_01ab375a_uniq UNIQUE (content_type_id, codename);


--
-- TOC entry 4848 (class 2606 OID 175586)
-- Name: auth_permission auth_permission_pkey; Type: CONSTRAINT; Schema: public; Owner: postgres
--

ALTER TABLE ONLY public.auth_permission
    ADD CONSTRAINT auth_permission_pkey PRIMARY KEY (id);


--
-- TOC entry 4856 (class 2606 OID 175588)
-- Name: auth_user_groups auth_user_groups_pkey; Type: CONSTRAINT; Schema: public; Owner: postgres
--

ALTER TABLE ONLY public.auth_user_groups
    ADD CONSTRAINT auth_user_groups_pkey PRIMARY KEY (id);


--
-- TOC entry 4859 (class 2606 OID 175590)
-- Name: auth_user_groups auth_user_groups_user_id_group_id_94350c0c_uniq; Type: CONSTRAINT; Schema: public; Owner: postgres
--

ALTER TABLE ONLY public.auth_user_groups
    ADD CONSTRAINT auth_user_groups_user_id_group_id_94350c0c_uniq UNIQUE (user_id, group_id);


--
-- TOC entry 4850 (class 2606 OID 175592)
-- Name: auth_user auth_user_pkey; Type: CONSTRAINT; Schema: public; Owner: postgres
--

ALTER TABLE ONLY public.auth_user
    ADD CONSTRAINT auth_user_pkey PRIMARY KEY (id);


--
-- TOC entry 4862 (class 2606 OID 175594)
-- Name: auth_user_user_permissions auth_user_user_permissions_pkey; Type: CONSTRAINT; Schema: public; Owner: postgres
--

ALTER TABLE ONLY public.auth_user_user_permissions
    ADD CONSTRAINT auth_user_user_permissions_pkey PRIMARY KEY (id);


--
-- TOC entry 4865 (class 2606 OID 175596)
-- Name: auth_user_user_permissions auth_user_user_permissions_user_id_permission_id_14a6b632_uniq; Type: CONSTRAINT; Schema: public; Owner: postgres
--

ALTER TABLE ONLY public.auth_user_user_permissions
    ADD CONSTRAINT auth_user_user_permissions_user_id_permission_id_14a6b632_uniq UNIQUE (user_id, permission_id);


--
-- TOC entry 4853 (class 2606 OID 175598)
-- Name: auth_user auth_user_username_key; Type: CONSTRAINT; Schema: public; Owner: postgres
--

ALTER TABLE ONLY public.auth_user
    ADD CONSTRAINT auth_user_username_key UNIQUE (username);


--
-- TOC entry 4868 (class 2606 OID 175600)
-- Name: django_admin_log django_admin_log_pkey; Type: CONSTRAINT; Schema: public; Owner: postgres
--

ALTER TABLE ONLY public.django_admin_log
    ADD CONSTRAINT django_admin_log_pkey PRIMARY KEY (id);


--
-- TOC entry 4871 (class 2606 OID 175602)
-- Name: django_content_type django_content_type_app_label_model_76bd3d3b_uniq; Type: CONSTRAINT; Schema: public; Owner: postgres
--

ALTER TABLE ONLY public.django_content_type
    ADD CONSTRAINT django_content_type_app_label_model_76bd3d3b_uniq UNIQUE (app_label, model);


--
-- TOC entry 4873 (class 2606 OID 175604)
-- Name: django_content_type django_content_type_pkey; Type: CONSTRAINT; Schema: public; Owner: postgres
--

ALTER TABLE ONLY public.django_content_type
    ADD CONSTRAINT django_content_type_pkey PRIMARY KEY (id);


--
-- TOC entry 4875 (class 2606 OID 175606)
-- Name: django_migrations django_migrations_pkey; Type: CONSTRAINT; Schema: public; Owner: postgres
--

ALTER TABLE ONLY public.django_migrations
    ADD CONSTRAINT django_migrations_pkey PRIMARY KEY (id);


--
-- TOC entry 4878 (class 2606 OID 175608)
-- Name: django_session django_session_pkey; Type: CONSTRAINT; Schema: public; Owner: postgres
--

ALTER TABLE ONLY public.django_session
    ADD CONSTRAINT django_session_pkey PRIMARY KEY (session_key);


--
-- TOC entry 4882 (class 2606 OID 175610)
-- Name: locations_location locations_location_code_key; Type: CONSTRAINT; Schema: public; Owner: postgres
--

ALTER TABLE ONLY public.locations_location
    ADD CONSTRAINT locations_location_code_key UNIQUE (code);


--
-- TOC entry 4884 (class 2606 OID 175612)
-- Name: locations_location locations_location_pkey; Type: CONSTRAINT; Schema: public; Owner: postgres
--

ALTER TABLE ONLY public.locations_location
    ADD CONSTRAINT locations_location_pkey PRIMARY KEY (id);


--
-- TOC entry 4887 (class 2606 OID 175614)
-- Name: products_inventorylevel products_inventorylevel_pkey; Type: CONSTRAINT; Schema: public; Owner: postgres
--

ALTER TABLE ONLY public.products_inventorylevel
    ADD CONSTRAINT products_inventorylevel_pkey PRIMARY KEY (id);


--
-- TOC entry 4890 (class 2606 OID 175616)
-- Name: products_inventorylevel products_inventorylevel_product_id_location_id_526e9fa0_uniq; Type: CONSTRAINT; Schema: public; Owner: postgres
--

ALTER TABLE ONLY public.products_inventorylevel
    ADD CONSTRAINT products_inventorylevel_product_id_location_id_526e9fa0_uniq UNIQUE (product_id, location_id);


--
-- TOC entry 4894 (class 2606 OID 175618)
-- Name: products_product products_product_internal_reference_key; Type: CONSTRAINT; Schema: public; Owner: postgres
--

ALTER TABLE ONLY public.products_product
    ADD CONSTRAINT products_product_internal_reference_key UNIQUE (internal_reference);


--
-- TOC entry 4896 (class 2606 OID 175620)
-- Name: products_product products_product_pkey; Type: CONSTRAINT; Schema: public; Owner: postgres
--

ALTER TABLE ONLY public.products_product
    ADD CONSTRAINT products_product_pkey PRIMARY KEY (id);


--
-- TOC entry 4901 (class 2606 OID 175622)
-- Name: products_productcategory products_productcategory_name_key; Type: CONSTRAINT; Schema: public; Owner: postgres
--

ALTER TABLE ONLY public.products_productcategory
    ADD CONSTRAINT products_productcategory_name_key UNIQUE (name);


--
-- TOC entry 4904 (class 2606 OID 175624)
-- Name: products_productcategory products_productcategory_pkey; Type: CONSTRAINT; Schema: public; Owner: postgres
--

ALTER TABLE ONLY public.products_productcategory
    ADD CONSTRAINT products_productcategory_pkey PRIMARY KEY (id);


--
-- TOC entry 4906 (class 2606 OID 175626)
-- Name: snapshots_inventorysnapshot snapshots_inventorysnaps_product_id_location_id_t_9919b6aa_uniq; Type: CONSTRAINT; Schema: public; Owner: postgres
--

ALTER TABLE ONLY public.snapshots_inventorysnapshot
    ADD CONSTRAINT snapshots_inventorysnaps_product_id_location_id_t_9919b6aa_uniq UNIQUE (product_id, location_id, "timestamp");


--
-- TOC entry 4909 (class 2606 OID 175628)
-- Name: snapshots_inventorysnapshot snapshots_inventorysnapshot_pkey; Type: CONSTRAINT; Schema: public; Owner: postgres
--

ALTER TABLE ONLY public.snapshots_inventorysnapshot
    ADD CONSTRAINT snapshots_inventorysnapshot_pkey PRIMARY KEY (id);


--
-- TOC entry 4913 (class 2606 OID 175630)
-- Name: stockmoves_stockmove stockmoves_stockmove_pkey; Type: CONSTRAINT; Schema: public; Owner: postgres
--

ALTER TABLE ONLY public.stockmoves_stockmove
    ADD CONSTRAINT stockmoves_stockmove_pkey PRIMARY KEY (id);


--
-- TOC entry 4916 (class 2606 OID 175632)
-- Name: stockmoves_stockmoveline stockmoves_stockmoveline_pkey; Type: CONSTRAINT; Schema: public; Owner: postgres
--

ALTER TABLE ONLY public.stockmoves_stockmoveline
    ADD CONSTRAINT stockmoves_stockmoveline_pkey PRIMARY KEY (id);


--
-- TOC entry 4921 (class 2606 OID 175634)
-- Name: suppliers_addresstype suppliers_addresstype_name_key; Type: CONSTRAINT; Schema: public; Owner: postgres
--

ALTER TABLE ONLY public.suppliers_addresstype
    ADD CONSTRAINT suppliers_addresstype_name_key UNIQUE (name);


--
-- TOC entry 4923 (class 2606 OID 175636)
-- Name: suppliers_addresstype suppliers_addresstype_pkey; Type: CONSTRAINT; Schema: public; Owner: postgres
--

ALTER TABLE ONLY public.suppliers_addresstype
    ADD CONSTRAINT suppliers_addresstype_pkey PRIMARY KEY (id);


--
-- TOC entry 4926 (class 2606 OID 175638)
-- Name: suppliers_supplier suppliers_supplier_pkey; Type: CONSTRAINT; Schema: public; Owner: postgres
--

ALTER TABLE ONLY public.suppliers_supplier
    ADD CONSTRAINT suppliers_supplier_pkey PRIMARY KEY (id);


--
-- TOC entry 4833 (class 1259 OID 175639)
-- Name: auth_group_name_a6ea08ec_like; Type: INDEX; Schema: public; Owner: postgres
--

CREATE INDEX auth_group_name_a6ea08ec_like ON public.auth_group USING btree (name varchar_pattern_ops);


--
-- TOC entry 4838 (class 1259 OID 175640)
-- Name: auth_group_permissions_group_id_b120cbf9; Type: INDEX; Schema: public; Owner: postgres
--

CREATE INDEX auth_group_permissions_group_id_b120cbf9 ON public.auth_group_permissions USING btree (group_id);


--
-- TOC entry 4841 (class 1259 OID 175641)
-- Name: auth_group_permissions_permission_id_84c5c92e; Type: INDEX; Schema: public; Owner: postgres
--

CREATE INDEX auth_group_permissions_permission_id_84c5c92e ON public.auth_group_permissions USING btree (permission_id);


--
-- TOC entry 4844 (class 1259 OID 175642)
-- Name: auth_permission_content_type_id_2f476e4b; Type: INDEX; Schema: public; Owner: postgres
--

CREATE INDEX auth_permission_content_type_id_2f476e4b ON public.auth_permission USING btree (content_type_id);


--
-- TOC entry 4854 (class 1259 OID 175643)
-- Name: auth_user_groups_group_id_97559544; Type: INDEX; Schema: public; Owner: postgres
--

CREATE INDEX auth_user_groups_group_id_97559544 ON public.auth_user_groups USING btree (group_id);


--
-- TOC entry 4857 (class 1259 OID 175644)
-- Name: auth_user_groups_user_id_6a12ed8b; Type: INDEX; Schema: public; Owner: postgres
--

CREATE INDEX auth_user_groups_user_id_6a12ed8b ON public.auth_user_groups USING btree (user_id);


--
-- TOC entry 4860 (class 1259 OID 175645)
-- Name: auth_user_user_permissions_permission_id_1fbb5f2c; Type: INDEX; Schema: public; Owner: postgres
--

CREATE INDEX auth_user_user_permissions_permission_id_1fbb5f2c ON public.auth_user_user_permissions USING btree (permission_id);


--
-- TOC entry 4863 (class 1259 OID 175646)
-- Name: auth_user_user_permissions_user_id_a95ead1b; Type: INDEX; Schema: public; Owner: postgres
--

CREATE INDEX auth_user_user_permissions_user_id_a95ead1b ON public.auth_user_user_permissions USING btree (user_id);


--
-- TOC entry 4851 (class 1259 OID 175647)
-- Name: auth_user_username_6821ab7c_like; Type: INDEX; Schema: public; Owner: postgres
--

CREATE INDEX auth_user_username_6821ab7c_like ON public.auth_user USING btree (username varchar_pattern_ops);


--
-- TOC entry 4866 (class 1259 OID 175648)
-- Name: django_admin_log_content_type_id_c4bce8eb; Type: INDEX; Schema: public; Owner: postgres
--

CREATE INDEX django_admin_log_content_type_id_c4bce8eb ON public.django_admin_log USING btree (content_type_id);


--
-- TOC entry 4869 (class 1259 OID 175649)
-- Name: django_admin_log_user_id_c564eba6; Type: INDEX; Schema: public; Owner: postgres
--

CREATE INDEX django_admin_log_user_id_c564eba6 ON public.django_admin_log USING btree (user_id);


--
-- TOC entry 4876 (class 1259 OID 175650)
-- Name: django_session_expire_date_a5c62663; Type: INDEX; Schema: public; Owner: postgres
--

CREATE INDEX django_session_expire_date_a5c62663 ON public.django_session USING btree (expire_date);


--
-- TOC entry 4879 (class 1259 OID 175651)
-- Name: django_session_session_key_c0390e0f_like; Type: INDEX; Schema: public; Owner: postgres
--

CREATE INDEX django_session_session_key_c0390e0f_like ON public.django_session USING btree (session_key varchar_pattern_ops);


--
-- TOC entry 4880 (class 1259 OID 175652)
-- Name: locations_location_code_fc4cd113_like; Type: INDEX; Schema: public; Owner: postgres
--

CREATE INDEX locations_location_code_fc4cd113_like ON public.locations_location USING btree (code varchar_pattern_ops);


--
-- TOC entry 4885 (class 1259 OID 175653)
-- Name: products_inventorylevel_location_id_3726719c; Type: INDEX; Schema: public; Owner: postgres
--

CREATE INDEX products_inventorylevel_location_id_3726719c ON public.products_inventorylevel USING btree (location_id);


--
-- TOC entry 4888 (class 1259 OID 175654)
-- Name: products_inventorylevel_product_id_cae97fb4; Type: INDEX; Schema: public; Owner: postgres
--

CREATE INDEX products_inventorylevel_product_id_cae97fb4 ON public.products_inventorylevel USING btree (product_id);


--
-- TOC entry 4891 (class 1259 OID 175655)
-- Name: products_product_default_location_id_b1a1d1f7; Type: INDEX; Schema: public; Owner: postgres
--

CREATE INDEX products_product_default_location_id_b1a1d1f7 ON public.products_product USING btree (default_location_id);


--
-- TOC entry 4892 (class 1259 OID 175656)
-- Name: products_product_internal_reference_40fc3616_like; Type: INDEX; Schema: public; Owner: postgres
--

CREATE INDEX products_product_internal_reference_40fc3616_like ON public.products_product USING btree (internal_reference varchar_pattern_ops);


--
-- TOC entry 4897 (class 1259 OID 175657)
-- Name: products_product_product_category_id_d8db5c5f; Type: INDEX; Schema: public; Owner: postgres
--

CREATE INDEX products_product_product_category_id_d8db5c5f ON public.products_product USING btree (product_category_id);


--
-- TOC entry 4898 (class 1259 OID 175658)
-- Name: products_product_supplier_id_b9ff64a9; Type: INDEX; Schema: public; Owner: postgres
--

CREATE INDEX products_product_supplier_id_b9ff64a9 ON public.products_product USING btree (supplier_id);


--
-- TOC entry 4899 (class 1259 OID 175659)
-- Name: products_productcategory_name_dad35cfe_like; Type: INDEX; Schema: public; Owner: postgres
--

CREATE INDEX products_productcategory_name_dad35cfe_like ON public.products_productcategory USING btree (name varchar_pattern_ops);


--
-- TOC entry 4902 (class 1259 OID 175660)
-- Name: products_productcategory_parent_id_37f1f851; Type: INDEX; Schema: public; Owner: postgres
--

CREATE INDEX products_productcategory_parent_id_37f1f851 ON public.products_productcategory USING btree (parent_id);


--
-- TOC entry 4907 (class 1259 OID 175661)
-- Name: snapshots_inventorysnapshot_location_id_bd8ebe01; Type: INDEX; Schema: public; Owner: postgres
--

CREATE INDEX snapshots_inventorysnapshot_location_id_bd8ebe01 ON public.snapshots_inventorysnapshot USING btree (location_id);


--
-- TOC entry 4910 (class 1259 OID 175662)
-- Name: snapshots_inventorysnapshot_product_id_197efc53; Type: INDEX; Schema: public; Owner: postgres
--

CREATE INDEX snapshots_inventorysnapshot_product_id_197efc53 ON public.snapshots_inventorysnapshot USING btree (product_id);


--
-- TOC entry 4911 (class 1259 OID 175663)
-- Name: stockmoves_stockmove_from_location_id_6c51239a; Type: INDEX; Schema: public; Owner: postgres
--

CREATE INDEX stockmoves_stockmove_from_location_id_6c51239a ON public.stockmoves_stockmove USING btree (from_location_id);


--
-- TOC entry 4914 (class 1259 OID 175664)
-- Name: stockmoves_stockmove_to_location_id_aadb1640; Type: INDEX; Schema: public; Owner: postgres
--

CREATE INDEX stockmoves_stockmove_to_location_id_aadb1640 ON public.stockmoves_stockmove USING btree (to_location_id);


--
-- TOC entry 4917 (class 1259 OID 175665)
-- Name: stockmoves_stockmoveline_product_id_78578492; Type: INDEX; Schema: public; Owner: postgres
--

CREATE INDEX stockmoves_stockmoveline_product_id_78578492 ON public.stockmoves_stockmoveline USING btree (product_id);


--
-- TOC entry 4918 (class 1259 OID 175666)
-- Name: stockmoves_stockmoveline_stock_move_id_f6441362; Type: INDEX; Schema: public; Owner: postgres
--

CREATE INDEX stockmoves_stockmoveline_stock_move_id_f6441362 ON public.stockmoves_stockmoveline USING btree (stock_move_id);


--
-- TOC entry 4919 (class 1259 OID 175667)
-- Name: suppliers_addresstype_name_b96ef877_like; Type: INDEX; Schema: public; Owner: postgres
--

CREATE INDEX suppliers_addresstype_name_b96ef877_like ON public.suppliers_addresstype USING btree (name varchar_pattern_ops);


--
-- TOC entry 4924 (class 1259 OID 175668)
-- Name: suppliers_supplier_address_type_id_4af5fdcf; Type: INDEX; Schema: public; Owner: postgres
--

CREATE INDEX suppliers_supplier_address_type_id_4af5fdcf ON public.suppliers_supplier USING btree (address_type_id);


--
-- TOC entry 4927 (class 1259 OID 175669)
-- Name: suppliers_supplier_related_company_id_befd2a1b; Type: INDEX; Schema: public; Owner: postgres
--

CREATE INDEX suppliers_supplier_related_company_id_befd2a1b ON public.suppliers_supplier USING btree (related_company_id);


--
-- TOC entry 4928 (class 2606 OID 175670)
-- Name: auth_group_permissions auth_group_permissio_permission_id_84c5c92e_fk_auth_perm; Type: FK CONSTRAINT; Schema: public; Owner: postgres
--

ALTER TABLE ONLY public.auth_group_permissions
    ADD CONSTRAINT auth_group_permissio_permission_id_84c5c92e_fk_auth_perm FOREIGN KEY (permission_id) REFERENCES public.auth_permission(id) DEFERRABLE INITIALLY DEFERRED;


--
-- TOC entry 4929 (class 2606 OID 175675)
-- Name: auth_group_permissions auth_group_permissions_group_id_b120cbf9_fk_auth_group_id; Type: FK CONSTRAINT; Schema: public; Owner: postgres
--

ALTER TABLE ONLY public.auth_group_permissions
    ADD CONSTRAINT auth_group_permissions_group_id_b120cbf9_fk_auth_group_id FOREIGN KEY (group_id) REFERENCES public.auth_group(id) DEFERRABLE INITIALLY DEFERRED;


--
-- TOC entry 4930 (class 2606 OID 175680)
-- Name: auth_permission auth_permission_content_type_id_2f476e4b_fk_django_co; Type: FK CONSTRAINT; Schema: public; Owner: postgres
--

ALTER TABLE ONLY public.auth_permission
    ADD CONSTRAINT auth_permission_content_type_id_2f476e4b_fk_django_co FOREIGN KEY (content_type_id) REFERENCES public.django_content_type(id) DEFERRABLE INITIALLY DEFERRED;


--
-- TOC entry 4931 (class 2606 OID 175685)
-- Name: auth_user_groups auth_user_groups_group_id_97559544_fk_auth_group_id; Type: FK CONSTRAINT; Schema: public; Owner: postgres
--

ALTER TABLE ONLY public.auth_user_groups
    ADD CONSTRAINT auth_user_groups_group_id_97559544_fk_auth_group_id FOREIGN KEY (group_id) REFERENCES public.auth_group(id) DEFERRABLE INITIALLY DEFERRED;


--
-- TOC entry 4932 (class 2606 OID 175690)
-- Name: auth_user_groups auth_user_groups_user_id_6a12ed8b_fk_auth_user_id; Type: FK CONSTRAINT; Schema: public; Owner: postgres
--

ALTER TABLE ONLY public.auth_user_groups
    ADD CONSTRAINT auth_user_groups_user_id_6a12ed8b_fk_auth_user_id FOREIGN KEY (user_id) REFERENCES public.auth_user(id) DEFERRABLE INITIALLY DEFERRED;


--
-- TOC entry 4933 (class 2606 OID 175695)
-- Name: auth_user_user_permissions auth_user_user_permi_permission_id_1fbb5f2c_fk_auth_perm; Type: FK CONSTRAINT; Schema: public; Owner: postgres
--

ALTER TABLE ONLY public.auth_user_user_permissions
    ADD CONSTRAINT auth_user_user_permi_permission_id_1fbb5f2c_fk_auth_perm FOREIGN KEY (permission_id) REFERENCES public.auth_permission(id) DEFERRABLE INITIALLY DEFERRED;


--
-- TOC entry 4934 (class 2606 OID 175700)
-- Name: auth_user_user_permissions auth_user_user_permissions_user_id_a95ead1b_fk_auth_user_id; Type: FK CONSTRAINT; Schema: public; Owner: postgres
--

ALTER TABLE ONLY public.auth_user_user_permissions
    ADD CONSTRAINT auth_user_user_permissions_user_id_a95ead1b_fk_auth_user_id FOREIGN KEY (user_id) REFERENCES public.auth_user(id) DEFERRABLE INITIALLY DEFERRED;


--
-- TOC entry 4935 (class 2606 OID 175705)
-- Name: django_admin_log django_admin_log_content_type_id_c4bce8eb_fk_django_co; Type: FK CONSTRAINT; Schema: public; Owner: postgres
--

ALTER TABLE ONLY public.django_admin_log
    ADD CONSTRAINT django_admin_log_content_type_id_c4bce8eb_fk_django_co FOREIGN KEY (content_type_id) REFERENCES public.django_content_type(id) DEFERRABLE INITIALLY DEFERRED;


--
-- TOC entry 4936 (class 2606 OID 175710)
-- Name: django_admin_log django_admin_log_user_id_c564eba6_fk_auth_user_id; Type: FK CONSTRAINT; Schema: public; Owner: postgres
--

ALTER TABLE ONLY public.django_admin_log
    ADD CONSTRAINT django_admin_log_user_id_c564eba6_fk_auth_user_id FOREIGN KEY (user_id) REFERENCES public.auth_user(id) DEFERRABLE INITIALLY DEFERRED;


--
-- TOC entry 4937 (class 2606 OID 175715)
-- Name: products_inventorylevel products_inventoryle_location_id_3726719c_fk_locations; Type: FK CONSTRAINT; Schema: public; Owner: postgres
--

ALTER TABLE ONLY public.products_inventorylevel
    ADD CONSTRAINT products_inventoryle_location_id_3726719c_fk_locations FOREIGN KEY (location_id) REFERENCES public.locations_location(id) DEFERRABLE INITIALLY DEFERRED;


--
-- TOC entry 4938 (class 2606 OID 175720)
-- Name: products_inventorylevel products_inventoryle_product_id_cae97fb4_fk_products_; Type: FK CONSTRAINT; Schema: public; Owner: postgres
--

ALTER TABLE ONLY public.products_inventorylevel
    ADD CONSTRAINT products_inventoryle_product_id_cae97fb4_fk_products_ FOREIGN KEY (product_id) REFERENCES public.products_product(id) DEFERRABLE INITIALLY DEFERRED;


--
-- TOC entry 4939 (class 2606 OID 175725)
-- Name: products_product products_product_default_location_id_b1a1d1f7_fk_locations; Type: FK CONSTRAINT; Schema: public; Owner: postgres
--

ALTER TABLE ONLY public.products_product
    ADD CONSTRAINT products_product_default_location_id_b1a1d1f7_fk_locations FOREIGN KEY (default_location_id) REFERENCES public.locations_location(id) DEFERRABLE INITIALLY DEFERRED;


--
-- TOC entry 4940 (class 2606 OID 175730)
-- Name: products_product products_product_product_category_id_d8db5c5f_fk_products_; Type: FK CONSTRAINT; Schema: public; Owner: postgres
--

ALTER TABLE ONLY public.products_product
    ADD CONSTRAINT products_product_product_category_id_d8db5c5f_fk_products_ FOREIGN KEY (product_category_id) REFERENCES public.products_productcategory(id) DEFERRABLE INITIALLY DEFERRED;


--
-- TOC entry 4941 (class 2606 OID 175735)
-- Name: products_product products_product_supplier_id_b9ff64a9_fk_suppliers_supplier_id; Type: FK CONSTRAINT; Schema: public; Owner: postgres
--

ALTER TABLE ONLY public.products_product
    ADD CONSTRAINT products_product_supplier_id_b9ff64a9_fk_suppliers_supplier_id FOREIGN KEY (supplier_id) REFERENCES public.suppliers_supplier(id) DEFERRABLE INITIALLY DEFERRED;


--
-- TOC entry 4942 (class 2606 OID 175740)
-- Name: products_productcategory products_productcate_parent_id_37f1f851_fk_products_; Type: FK CONSTRAINT; Schema: public; Owner: postgres
--

ALTER TABLE ONLY public.products_productcategory
    ADD CONSTRAINT products_productcate_parent_id_37f1f851_fk_products_ FOREIGN KEY (parent_id) REFERENCES public.products_productcategory(id) DEFERRABLE INITIALLY DEFERRED;


--
-- TOC entry 4943 (class 2606 OID 175745)
-- Name: snapshots_inventorysnapshot snapshots_inventorys_location_id_bd8ebe01_fk_locations; Type: FK CONSTRAINT; Schema: public; Owner: postgres
--

ALTER TABLE ONLY public.snapshots_inventorysnapshot
    ADD CONSTRAINT snapshots_inventorys_location_id_bd8ebe01_fk_locations FOREIGN KEY (location_id) REFERENCES public.locations_location(id) DEFERRABLE INITIALLY DEFERRED;


--
-- TOC entry 4944 (class 2606 OID 175750)
-- Name: snapshots_inventorysnapshot snapshots_inventorys_product_id_197efc53_fk_products_; Type: FK CONSTRAINT; Schema: public; Owner: postgres
--

ALTER TABLE ONLY public.snapshots_inventorysnapshot
    ADD CONSTRAINT snapshots_inventorys_product_id_197efc53_fk_products_ FOREIGN KEY (product_id) REFERENCES public.products_product(id) DEFERRABLE INITIALLY DEFERRED;


--
-- TOC entry 4945 (class 2606 OID 175755)
-- Name: stockmoves_stockmove stockmoves_stockmove_from_location_id_6c51239a_fk_locations; Type: FK CONSTRAINT; Schema: public; Owner: postgres
--

ALTER TABLE ONLY public.stockmoves_stockmove
    ADD CONSTRAINT stockmoves_stockmove_from_location_id_6c51239a_fk_locations FOREIGN KEY (from_location_id) REFERENCES public.locations_location(id) DEFERRABLE INITIALLY DEFERRED;


--
-- TOC entry 4947 (class 2606 OID 175760)
-- Name: stockmoves_stockmoveline stockmoves_stockmove_product_id_78578492_fk_products_; Type: FK CONSTRAINT; Schema: public; Owner: postgres
--

ALTER TABLE ONLY public.stockmoves_stockmoveline
    ADD CONSTRAINT stockmoves_stockmove_product_id_78578492_fk_products_ FOREIGN KEY (product_id) REFERENCES public.products_product(id) DEFERRABLE INITIALLY DEFERRED;


--
-- TOC entry 4948 (class 2606 OID 175765)
-- Name: stockmoves_stockmoveline stockmoves_stockmove_stock_move_id_f6441362_fk_stockmove; Type: FK CONSTRAINT; Schema: public; Owner: postgres
--

ALTER TABLE ONLY public.stockmoves_stockmoveline
    ADD CONSTRAINT stockmoves_stockmove_stock_move_id_f6441362_fk_stockmove FOREIGN KEY (stock_move_id) REFERENCES public.stockmoves_stockmove(id) DEFERRABLE INITIALLY DEFERRED;


--
-- TOC entry 4946 (class 2606 OID 175770)
-- Name: stockmoves_stockmove stockmoves_stockmove_to_location_id_aadb1640_fk_locations; Type: FK CONSTRAINT; Schema: public; Owner: postgres
--

ALTER TABLE ONLY public.stockmoves_stockmove
    ADD CONSTRAINT stockmoves_stockmove_to_location_id_aadb1640_fk_locations FOREIGN KEY (to_location_id) REFERENCES public.locations_location(id) DEFERRABLE INITIALLY DEFERRED;


--
-- TOC entry 4949 (class 2606 OID 175775)
-- Name: suppliers_supplier suppliers_supplier_address_type_id_4af5fdcf_fk_suppliers; Type: FK CONSTRAINT; Schema: public; Owner: postgres
--

ALTER TABLE ONLY public.suppliers_supplier
    ADD CONSTRAINT suppliers_supplier_address_type_id_4af5fdcf_fk_suppliers FOREIGN KEY (address_type_id) REFERENCES public.suppliers_addresstype(id) DEFERRABLE INITIALLY DEFERRED;


--
-- TOC entry 4950 (class 2606 OID 175780)
-- Name: suppliers_supplier suppliers_supplier_related_company_id_befd2a1b_fk_suppliers; Type: FK CONSTRAINT; Schema: public; Owner: postgres
--

ALTER TABLE ONLY public.suppliers_supplier
    ADD CONSTRAINT suppliers_supplier_related_company_id_befd2a1b_fk_suppliers FOREIGN KEY (related_company_id) REFERENCES public.suppliers_supplier(id) DEFERRABLE INITIALLY DEFERRED;


-- Completed on 2025-08-27 03:52:19

--
-- PostgreSQL database dump complete
--

